Company,Product,TypeName,Inches,ScreenResolution,Cpu,Ram,Memory,Gpu,OpSys,Weight
Toshiba,Portege X30-D-10J,Notebook,13.3,IPS Panel Full HD 1920x1080,Intel Core i5 7200U 2.5GHz,8GB,256GB SSD,Intel HD Graphics 620,Windows 10,1.05kg
HP,Spectre 13-V100nv,Notebook,13.3,IPS Panel Full HD 1920x1080,Intel Core i5 7200U 2.5GHz,8GB,256GB SSD,Intel HD Graphics 620,Windows 10,1.11kg
Lenovo,IdeaPad 310-15ABR,Notebook,15.6,Full HD 1920x1080,AMD A10-Series 9600P 2.4GHz,6GB,1TB HDD,AMD Radeon R5 430,Windows 10,2.4kg
Lenovo,IdeaPad Y700-15ISK,Notebook,15.6,IPS Panel Full HD 1920x1080,Intel Core i7 6700HQ 2.6GHz,8GB,1TB HDD,Nvidia GeForce GTX 960M,Windows 10,2.6kg
HP,EliteBook 820,Ultrabook,12.5,1366x768,Intel Core i5 6200U 2.3GHz,4GB,256GB SSD,Intel HD Graphics 520,Windows 10,1.26kg
HP,Spectre x360,2 in 1 Convertible,13.3,IPS Panel Full HD / Touchscreen 1920x1080,Intel Core i5 8250U 1.6GHz,8GB,256GB SSD,Intel UHD Graphics 620,Windows 10,1.26kg
HP,ProBook 430,Notebook,13.3,Full HD 1920x1080,Intel Core i3 7100U 2.4GHz,4GB,128GB SSD,Intel HD Graphics 620,Windows 10,1.49kg
Lenovo,IdeaPad 320-15ISK,Notebook,15.6,1366x768,Intel Core i3 6006U 2GHz,8GB,2TB HDD,Nvidia GeForce 920MX ,No OS,2.2kg
HP,Omen 17-w212nv,Gaming,17.3,IPS Panel Full HD 1920x1080,Intel Core i7 7700HQ 2.8GHz,8GB,128GB SSD +  1TB HDD,Nvidia GeForce GTX 1050,Windows 10,3.35kg
HP,15-bw000nv (E2-9000e/4GB/500GB/Radeon,Notebook,15.6,Full HD 1920x1080,AMD E-Series E2-9000e 1.5GHz,4GB,500GB HDD,AMD Radeon R2,Windows 10,2.1kg
Lenovo,Yoga 720-15IKB,2 in 1 Convertible,15.6,IPS Panel 4K Ultra HD / Touchscreen 3840x2160,Intel Core i7 7700HQ 2.8GHz,16GB,512GB SSD,Nvidia GeForce GTX 1050,Windows 10,2kg
Dell,Vostro 5568,Notebook,15.6,Full HD 1920x1080,Intel Core i5 7200U 2.5GHz,8GB,1TB HDD,Intel HD Graphics 620,Linux,1.98kg
Dell,XPS 13,2 in 1 Convertible,13.3,Quad HD+ / Touchscreen 3200x1800,Intel Core i5 7Y54 1.2GHz,8GB,256GB SSD,Intel HD Graphics 615,Windows 10,1.24kg
Dell,Inspiron 3567,Notebook,15.6,1366x768,Intel Core i7 7500U 2.7GHz,8GB,1TB HDD,AMD Radeon R5 M430,Linux,2.3kg
Asus,ROG Strix,Gaming,17.3,Full HD 1920x1080,Intel Core i7 7700HQ 2.8GHz,16GB,256GB SSD +  1TB HDD,Nvidia GeForce GTX 1060,Windows 10,2.9kg
Lenovo,Yoga 520-14IKB,2 in 1 Convertible,14,IPS Panel Full HD 1920x1080,Intel Core i5 8250U 1.6GHz,8GB,256GB SSD,Intel UHD Graphics 620,Windows 10,1.74kg
HP,Envy 13-AB020nr,Ultrabook,13.3,IPS Panel Quad HD+ 3200x1800,Intel Core i7 7500U 2.7GHz,8GB,256GB SSD,Intel HD Graphics 620,Windows 10,1.34kg
Dell,Vostro 5568,Notebook,15.6,Full HD 1920x1080,Intel Core i7 7500U 2.7GHz,8GB,1TB HDD,Nvidia GeForce GT 940MX,Windows 10,1.98kg
Dell,Inspiron 5567,Notebook,15.6,1366x768,Intel Core i7 7500U 2.7GHz,12GB,1TB HDD,Intel HD Graphics 620,Windows 10,2.3kg
Samsung,Notebook 9,Ultrabook,13.3,Full HD 1920x1080,Intel Core i7 7500U 2.7GHz,16GB,256GB SSD,Intel HD Graphics 620,Windows 10,0.81kg
MSI,GT80S 6QE,Gaming,17.3,Full HD 1920x1080,Intel Core i7 6820HK 2.7GHz,16GB,128GB SSD +  1TB HDD,Nvidia GeForce GTX 980M,Windows 10,4.5kg
Asus,X556UJ-XO044T (i7-6500U/4GB/500GB/GeForce,Notebook,15.6,1366x768,Intel Core i7 6500U 2.5GHz,4GB,500GB HDD,Nvidia GeForce 920M,Windows 10,2.2kg
Dell,Inspiron 5368,2 in 1 Convertible,13.3,Full HD / Touchscreen 1920x1080,Intel Core i7 6500U 2.5GHz,8GB,256GB SSD,Intel HD Graphics 520,Windows 10,1.62kg
Mediacom,Smartbook 142,Notebook,14,IPS Panel Full HD 1920x1200,Intel Atom Z8350 1.92GHz,4GB,32GB HDD,Intel HD Graphics 400,Windows 10,1.4kg
Dell,Latitude 5490,Ultrabook,14,Full HD 1920x1080,Intel Core i5 8250U 1.6GHz,8GB,256GB SSD,Intel UHD Graphics 620,Windows 10,1.6kg
Dell,Inspiron 7773,2 in 1 Convertible,17.3,Full HD / Touchscreen 1920x1080,Intel Core i5 8250U 1.6GHz,12GB,1TB HDD,Nvidia GeForce 150MX,Windows 10,2.77kg
Dell,Latitude 5580,Notebook,15.6,1366x768,Intel Core i5 7300U 2.6GHz,4GB,500GB HDD,Intel HD Graphics 620,Windows 10,1.93kg
Dell,Latitude 5580,Notebook,15.6,1366x768,Intel Core i5 7200U 2.5GHz,4GB,500GB HDD,Intel HD Graphics 620,Windows 10,1.9kg
HP,EliteBook x360,2 in 1 Convertible,13.3,Full HD / Touchscreen 1920x1080,Intel Core i5 7200U 2.5GHz,8GB,256GB SSD,Intel HD Graphics 620,Windows 10,1.28kg
Dell,Latitude 5580,Notebook,15.6,Full HD 1920x1080,Intel Core i5 7300U 2.6GHz,8GB,256GB SSD,Intel HD Graphics 620,Windows 10,1.9kg
Dell,Inspiron 3567,Notebook,15.6,1366x768,Intel Core i3 7100U 2.4GHz,6GB,1TB HDD,Intel HD Graphics 620,Windows 10,2.3kg
Toshiba,Tecra Z40-C-136,Ultrabook,14,IPS Panel Full HD 1920x1080,Intel Core i7 6600U 2.6GHz,8GB,256GB SSD,Intel HD Graphics 520,Windows 10,1.47kg
HP,Spectre Pro,Ultrabook,13.3,Full HD 1920x1080,Intel Core i7 6500U 2.5GHz,8GB,512GB SSD,Intel HD Graphics 520,Windows 10,1.16kg
Lenovo,Yoga 510-15IKB,2 in 1 Convertible,15.6,Full HD / Touchscreen 1920x1080,Intel Core i5 7200U 2.5GHz,8GB,256GB SSD,AMD Radeon R7 M460,Windows 10,2.08kg
Toshiba,Satellite Pro,Notebook,15.6,IPS Panel Full HD 1920x1080,Intel Core i5 7200U 2.5GHz,8GB,256GB SSD,Intel HD Graphics 620,Windows 10,2.0kg
Acer,Aspire A515-51G,Notebook,15.6,IPS Panel Full HD 1920x1080,Intel Core i7 8550U 1.8GHz,8GB,1TB HDD,Nvidia GeForce MX130,Windows 10,2.2kg
Lenovo,IdeaPad 320-15IKB,Notebook,15.6,Full HD 1920x1080,Intel Core i7 7500U 2.7GHz,8GB,1TB HDD,Nvidia GeForce 940MX,No OS,2.2kg
Lenovo,IdeaPad 320-15AST,Notebook,15.6,Full HD 1920x1080,AMD A9-Series 9420 2.9GHz,4GB,256GB SSD,AMD Radeon 530,Windows 10,2.2kg
MSI,GE62 Apache,Gaming,15.6,Full HD 1920x1080,Intel Core i7 6700HQ 2.6GHz,8GB,128GB SSD +  1TB HDD,Nvidia GeForce GTX 960M,Windows 10,2.4kg
Acer,Chromebook 14,Notebook,14,1366x768,Intel Celeron Dual Core N3060 1.6GHz,2GB,32GB Flash Storage,Intel HD Graphics 400,Chrome OS,1.68kg
Microsoft,Surface Laptop,Ultrabook,13.5,Touchscreen 2256x1504,Intel Core i7 7600U 2.8GHz,8GB,256GB SSD,Intel Iris Plus Graphics 640,Windows 10 S,1.252kg
Lenovo,IdeaPad 320-15IKBN,Notebook,15.6,Full HD 1920x1080,Intel Core i5 7200U 2.5GHz,8GB,2TB HDD,Intel HD Graphics 620,No OS,2.2kg
Asus,TP501UA-CJ131T (i5-7200U/8GB/1TB/W10),2 in 1 Convertible,15.6,Touchscreen 1366x768,Intel Core i5 7200U 2.5GHz,8GB,1TB HDD,Intel HD Graphics 520,Windows 10,2.2kg
Lenovo,IdeaPad Y900-17ISK,Gaming,17.3,IPS Panel Full HD 1920x1080,Intel Core i7 6700HQ 2.6GHz,16GB,128GB SSD +  1TB HDD,Nvidia GeForce GTX 980M,Windows 10,4.6kg
Dell,Vostro 3568,Notebook,15.6,1366x768,Intel Core i3 7100U 2.4GHz,4GB,128GB SSD,Intel HD Graphics 620,Windows 10,2.18kg
Dell,Latitude 5580,Notebook,15.6,Full HD 1920x1080,Intel Core i5 7440HQ 2.8GHz,8GB,256GB SSD,Intel HD Graphics 620,Windows 10,1.9kg
Asus,ZenBook Pro,Ultrabook,15.6,Full HD 1920x1080,Intel Core i7 7700HQ 2.8GHz,16GB,512GB SSD,Nvidia GeForce GTX 1050 Ti,Windows 10,1.8kg
HP,Stream 14-AX001nv,Notebook,14,1366x768,Intel Celeron Dual Core N3060 1.6GHz,2GB,32GB Flash Storage,Intel HD Graphics 400,Windows 10,1.44kg
Dell,Vostro 5568,Notebook,15.6,Full HD 1920x1080,Intel Core i5 7200U 2.5GHz,8GB,256GB SSD,Intel HD Graphics 620,Windows 10,2.18kg
Dell,XPS 13,Ultrabook,13.3,Full HD 1920x1080,Intel Core i7 7500U 2.7GHz,8GB,256GB SSD,Intel HD Graphics 620,Windows 10,1.29kg
Lenovo,ThinkPad T470s,Ultrabook,14,IPS Panel Full HD 1920x1080,Intel Core i5 7200U 2.5GHz,8GB,256GB SSD,Intel HD Graphics 620,Windows 10,1.32kg
HP,15-ba043na (A12-9700P/8GB/2TB/W10),Notebook,15.6,1366x768,AMD A12-Series 9700P 2.5GHz,8GB,2TB HDD,AMD Radeon R7 Graphics,Windows 10,2.04kg
Xiaomi,Mi Notebook,Notebook,15.6,IPS Panel Full HD 1920x1080,Intel Core i5 8250U 1.6GHz,8GB,256GB SSD,Nvidia GeForce MX150,No OS,1.95kg
HP,EliteBook 840,Notebook,14,1366x768,Intel Core i5 6300U 2.4GHz,4GB,256GB SSD,Intel HD Graphics 520,Windows 10,1.48kg
Dell,Inspiron 3567,Notebook,15.6,Touchscreen 1366x768,Intel Core i5 7200U 2.5GHz,8GB,2TB HDD,Intel HD Graphics 620,Windows 10,2.36kg
Asus,ZenBook UX310UQ-GL026T,Ultrabook,13.3,IPS Panel Full HD 1920x1080,Intel Core i5 6200U 2.3GHz,8GB,512GB SSD,Nvidia GeForce 940M,Windows 10,1.45kg
HP,Stream 14-AX000nv,Notebook,14,1366x768,Intel Celeron Dual Core N3060 1.6GHz,2GB,32GB Flash Storage,Intel HD Graphics 400,Windows 10,1.44kg
Dell,Inspiron 5379,2 in 1 Convertible,13.3,Full HD / Touchscreen 1920x1080,Intel Core i5 8250U 1.6GHz,8GB,256GB SSD,Intel UHD Graphics 620,Windows 10,1.62kg
Asus,UX410UA-GV350T (i5-8250U/8GB/256GB/FHD/W10),Notebook,14,Full HD 1920x1080,Intel Core i5 8250U 1.6GHz,8GB,256GB SSD,Intel UHD Graphics 620,Windows 10,1.4kg
Lenovo,IdeaPad Y700-15ISK,Notebook,15.6,IPS Panel Full HD 1920x1080,Intel Core i7 6700HQ 2.6GHz,8GB,1TB HDD,Nvidia GeForce GTX 960M,Windows 10,2.6kg
Dell,XPS 15,Notebook,15.6,4K Ultra HD / Touchscreen 3840x2160,Intel Core i5 7300HQ 2.5GHz,8GB,256GB SSD,Nvidia GeForce GTX 1050,Windows 10,2.06kg
Acer,Aspire A515-51G,Notebook,15.6,IPS Panel Full HD 1920x1080,Intel Core i7 8550U 1.8GHz,8GB,256GB SSD,Nvidia GeForce MX150,Windows 10,2.2kg
Lenovo,V310-15ISK (i3-6006U/4GB/128GB/FHD/No,Notebook,15.6,Full HD 1920x1080,Intel Core i3 6006U 2GHz,4GB,128GB SSD,Intel HD Graphics 520,No OS,1.85kg
Acer,Aspire A515-51G,Notebook,15.6,IPS Panel Full HD 1920x1080,Intel Core i5 8250U 1.6GHz,4GB,256GB SSD,Intel UHD Graphics 620,Windows 10,2.2kg
HP,250 G6,Notebook,15.6,1366x768,Intel Celeron Dual Core N3060 1.6GHz,4GB,128GB SSD,Intel HD Graphics 400,No OS,1.86kg
Asus,Rog Strix,Gaming,17.3,Full HD 1920x1080,Intel Core i7 7700HQ 2.8GHz,16GB,256GB SSD +  1TB HDD,Nvidia GeForce GTX 1060,Windows 10,2.73kg
HP,15-bw009nv (A12-9720P/6GB/1TB/Radeon,Notebook,15.6,Full HD 1920x1080,AMD A12-Series 9720P 2.7GHz,6GB,1TB HDD,AMD Radeon 530,Windows 10,2.1kg
Lenovo,IdeaPad 320-15ABR,Notebook,15.6,Full HD 1920x1080,AMD A12-Series 9720P 3.6GHz,12GB,512GB SSD,AMD Radeon 530,Windows 10,2.2kg
Dell,Inspiron 5578,2 in 1 Convertible,15.6,IPS Panel Full HD / Touchscreen 1920x1080,Intel Core i5 7200U 2.7GHz,8GB,256GB SSD,Intel HD Graphics 620,Windows 10,2.3kg
Asus,G701VO-IH74K (i7-6820HK/32GB/2x,Gaming,17.3,IPS Panel Full HD 1920x1080,Intel Core i7 6820HK 2.7GHz,32GB,256GB SSD +  256GB SSD,Nvidia GeForce GTX 980M,Windows 10,3.58kg
Asus,ROG G701VI,Gaming,17.3,IPS Panel Full HD 1920x1080,Intel Core i7 6820HK 2.7GHz,32GB,512GB SSD,Nvidia GeForce GTX 1080,Windows 10,3.8kg
Toshiba,Tecra A50-C-1ZV,Notebook,15.6,1366x768,Intel Core i5 6200U 2.3GHz,8GB,256GB SSD,Intel HD Graphics 520,Windows 10,2.2kg
Acer,Aspire A515-51G-32MX,Notebook,15.6,Full HD 1920x1080,Intel Core i3 7130U 2.7GHz,4GB,1TB HDD,Nvidia GeForce MX130,Windows 10,2.2kg
HP,Probook 450,Notebook,15.6,Full HD 1920x1080,Intel Core i5 7200U 2.5GHz,8GB,1TB HDD,Intel HD Graphics 620,Windows 10,2.04kg
Dell,Inspiron 3552,Notebook,15.6,1366x768,Intel Celeron Dual Core N3060 1.60GHz,4GB,500GB HDD,Intel HD Graphics 400,Windows 10,1.8kg
Lenovo,IdeaPad 110-15ISK,Notebook,15.6,Full HD 1920x1080,Intel Core i3 6006U 2.0GHz,4GB,1TB HDD,Intel HD Graphics 520,No OS,2.2kg
Asus,Q304UA-BHI5T11 (i5-7200U/6GB/1TB/FHD/W10),2 in 1 Convertible,13.3,Full HD / Touchscreen 1920x1080,Intel Core i5 7200U 2.5GHz,6GB,1TB HDD,Intel HD Graphics 620,Windows 10,1.5kg
Dell,Precision 3520,Workstation,15.6,Full HD 1920x1080,Intel Xeon E3-1505M V6 3GHz,8GB,64GB Flash Storage +  1TB HDD,Nvidia Quadro M620,Windows 10,2.23kg
MSI,GS70 Stealth,Gaming,17.3,Full HD 1920x1080,Intel Core i7 6700HQ 2.6GHz,8GB,256GB SSD,Nvidia GeForce GTX 965M,Windows 10,2.6kg
Samsung,Notebook 9,Ultrabook,13.3,Full HD 1920x1080,Intel Core i5 7200U 2.5GHz,8GB,256GB SSD,Intel HD Graphics 620,Windows 10,0.81kg
HP,Omen 17-W006na,Gaming,17.3,IPS Panel Full HD 1920x1080,Intel Core i5 6300HQ 2.3GHz,8GB,128GB SSD +  1TB HDD,Nvidia GeForce GTX 965M,Windows 10,2.75kg
HP,Chromebook 13,Notebook,13.3,Quad HD+ 3200x1800,Intel Pentium Dual Core 4405Y 1.5GHz,4GB,32GB Flash Storage,Intel HD Graphics 515,Chrome OS,1.29kg
Acer,Spin SP111-31,2 in 1 Convertible,11.6,IPS Panel Full HD / Touchscreen 1920x1080,Intel Celeron Dual Core N3350 2.0GHz,4GB,32GB Flash Storage,Intel HD Graphics 500,Windows 10,1.25kg
Dell,Vostro 3568,Notebook,15.6,1366x768,Intel Core i5 7200U 2.5GHz,8GB,128GB SSD,Intel HD Graphics 620,Windows 10,2.18kg
Asus,L403NA-GA013TS (N3350/4GB/32GB/W10),Notebook,14,1366x768,Intel Celeron Dual Core N3350 1.1GHz,4GB,32GB Flash Storage,Intel HD Graphics 500,Windows 10,1.5kg
Dell,Alienware 15,Gaming,15.6,Full HD 1920x1080,Intel Core i5 7300HQ 2.5GHz,16GB,128GB SSD +  1TB HDD,Nvidia GeForce GTX 1060,Windows 10,3.21kg
HP,17-ak001nv (A6-9220/4GB/500GB/Radeon,Notebook,17.3,Full HD 1920x1080,AMD A6-Series 9220 2.5GHz,4GB,500GB HDD,AMD Radeon 530,Windows 10,2.71kg
Asus,Rog G701VIK-BA060T,Gaming,17.3,Full HD 1920x1080,Intel Core i7 7820HK 2.9GHz,16GB,256GB SSD,Nvidia GeForce GTX 1080,Windows 10,3.6kg
Lenovo,Legion Y520-15IKBN,Gaming,15.6,IPS Panel Full HD 1920x1080,Intel Core i5 7300HQ 2.5GHz,8GB,128GB SSD +  1TB HDD,Nvidia GeForce GTX 1060,No OS,2.4kg
Lenovo,IdeaPad 320-15IKB,Notebook,15.6,Full HD 1920x1080,Intel Core i5 7200U 2.5GHz,8GB,128GB SSD +  1TB HDD,Nvidia GeForce 940MX,Windows 10,2.3kg
Apple,"MacBook 12""",Ultrabook,12,IPS Panel Retina Display 2304x1440,Intel Core i5 1.3GHz,8GB,512GB SSD,Intel HD Graphics 615,macOS,0.92kg
Lenovo,IdeaPad Y900-17ISK,Gaming,17.3,IPS Panel Full HD 1920x1080,Intel Core i7 6820HK 2.7GHz,32GB,512GB SSD +  1.0TB Hybrid,Nvidia GeForce GTX 980M,Windows 10,4.6kg
Lenovo,Legion Y520-15IKBN,Gaming,15.6,IPS Panel Full HD 1920x1080,Intel Core i5 7300HQ 2.5GHz,8GB,128GB SSD +  1TB HDD,Nvidia GeForce GTX 1050,No OS,2.4kg
HP,ProBook 430,Notebook,13.3,IPS Panel Full HD 1920x1080,Intel Core i5 8250U 1.6GHz,4GB,128GB SSD,Intel UHD Graphics 620,Windows 10,1.49kg
Lenovo,Thinkpad T470p,Notebook,14,IPS Panel Full HD 1920x1080,Intel Core i5 7300HQ 2.5GHz,8GB,256GB SSD,Intel HD Graphics 630,Windows 10,1.7kg
Acer,Aspire 3,Notebook,15.6,1366x768,AMD A9-Series 9420 3GHz,4GB,128GB SSD,AMD Radeon R5,Windows 10,2.1kg
Dell,Vostro 5468,Notebook,14,Full HD 1920x1080,Intel Core i5 7200U 2.5GHz,8GB,256GB SSD,Intel HD Graphics 620,Windows 10,1.6kg
HP,ProBook 450,Notebook,15.6,IPS Panel Full HD 1920x1080,Intel Core i3 7100U 2.4GHz,8GB,1TB HDD,Nvidia GeForce 930MX ,Windows 10,2.1kg
Dell,Inspiron 5567,Notebook,15.6,1366x768,Intel Core i5 7200U 2.5GHz,8GB,1TB HDD,AMD Radeon R7 M445,Windows 10,2.5kg
HP,ProBook 440,Notebook,14,Full HD 1920x1080,Intel Core i5 7200U 2.5GHz,8GB,256GB SSD,Nvidia GeForce 930MX,Windows 10,1.64kg
HP,15-rb013nv (E2-9000e/4GB/500GB/W10),Notebook,15.6,1366x768,AMD E-Series 9000e 1.5GHz,4GB,500GB HDD,AMD Radeon R2,Windows 10,2.1kg
Lenovo,IdeaPad 320-15IKBN,Notebook,15.6,1366x768,Intel Core i5 7200U 2.5GHz,8GB,2TB HDD,Nvidia GeForce 940MX,No OS,2.2kg
Dell,Vostro 3568,Notebook,15.6,1366x768,Intel Core i3 6006U 2GHz,8GB,256GB SSD,Intel HD Graphics 520,Windows 10,2kg
HP,Spectre Pro,2 in 1 Convertible,13.3,Touchscreen 2560x1440,Intel Core i7 6600U 2.6GHz,8GB,512GB SSD,Intel HD Graphics 520,Windows 10,1.48kg
Xiaomi,Mi Notebook,Ultrabook,13.3,IPS Panel Full HD 1920x1080,Intel Core i5 7200U 2.5GHz,8GB,256GB SSD,Nvidia GeForce MX150,No OS,1.3kg
Dell,Inspiron 3567,Notebook,15.6,1366x768,Intel Core i7 7500U 2.7GHz,8GB,1TB HDD,AMD Radeon R5 M430,Linux,2.3kg
Asus,FX502VM-DM105T (i7-6700HQ/8GB/1TB/GeForce,Gaming,15.6,Full HD 1920x1080,Intel Core i7 6700HQ 2.6GHz,8GB,1TB HDD,Nvidia GeForce GTX 1060,Windows 10,2.2kg
Toshiba,Satellite Pro,Notebook,14,1366x768,Intel Pentium Dual Core 4405U 2.1GHz,4GB,128GB SSD,Intel HD Graphics 510,Windows 10,1.75kg
Lenovo,Thinkpad T570,Notebook,15.6,IPS Panel Full HD 1920x1080,Intel Core i7 7500U 2.7GHz,8GB,256GB SSD,Intel HD Graphics 630,Windows 10,1.95kg
Mediacom,FlexBook Edge,2 in 1 Convertible,11.6,IPS Panel Full HD / Touchscreen 1920x1080,Intel Celeron Dual Core N3350 1.1GHz,4GB,32GB SSD,Intel HD Graphics 500,Windows 10,1.16kg
Asus,Q534UX-BHI7T19 (i7-7500U/16GB/2TB,2 in 1 Convertible,15.6,4K Ultra HD / Touchscreen 3840x2160,Intel Core i7 7500U 2.7GHz,16GB,512GB SSD +  2TB HDD,Nvidia GeForce GTX 950M,Windows 10,2.3kg
HP,ProBook 650,Notebook,15.6,Full HD 1920x1080,Intel Core i7 7820HQ 2.9GHz,8GB,256GB SSD,Intel HD Graphics 630,Windows 10,2.31kg
Dell,Inspiron 5577,Gaming,15.6,Full HD 1920x1080,Intel Core i5 7300HQ 2.5GHz,8GB,256GB SSD,Nvidia GeForce GTX 1050,Windows 10,2.56kg
MSI,GT73VR Titan,Gaming,17.3,Full HD 1920x1080,Intel Core i7 7820HK 2.9GHz,16GB,512GB SSD +  1TB HDD,Nvidia GeForce GTX 1070,Windows 10,4.14kg
Asus,R417NA-RS01 (N3350/4GB/32GB/W10),Notebook,14,1366x768,Intel Celeron Dual Core N3350 1.1GHz,4GB,32GB Flash Storage,Intel HD Graphics 500,Windows 10,1.63kg
MSI,GS73VR 7RG,Gaming,17.3,Full HD 1920x1080,Intel Core i7 7700HQ 2.8GHz,16GB,256GB SSD +  2TB HDD,Nvidia GeForce GTX 1070,Windows 10,2.43kg
Lenovo,Yoga 900-13ISK,2 in 1 Convertible,13.3,IPS Panel Quad HD+ / Touchscreen 3200x1800,Intel Core i5 6260U 1.8GHz,8GB,256GB SSD,Intel HD Graphics 540,Windows 10,1.3kg
HP,EliteBook 1040,Ultrabook,14,Full HD 1920x1080,Intel Core i7 6600U 2.6GHz,8GB,256GB SSD,Intel HD Graphics 520,Windows 7,1.43kg
Acer,Aspire A715-71G,Notebook,15.6,Full HD 1920x1080,Intel Core i7 7700HQ 2.8GHz,8GB,256GB SSD,Nvidia GeForce GTX 1050 Ti,Linux,2.5kg
Dell,Inspiron 5570,Notebook,15.6,Full HD 1920x1080,Intel Core i5 8250U 1.6GHz,8GB,2TB HDD,AMD Radeon 530,Windows 10,2.02kg
Razer,Blade Pro,Gaming,17.3,4K Ultra HD / Touchscreen 3840x2160,Intel Core i7 7820HK 2.9GHz,32GB,1TB SSD,Nvidia GeForce GTX 1080,Windows 10,3.49kg
HP,ProBook 650,Notebook,14,1366x768,Intel Core i5 7300U 2.6GHz,8GB,256GB SSD,Intel HD Graphics 620,Windows 10,2.31kg
Dell,Inspiron 5570,Notebook,15.6,Full HD 1920x1080,Intel Core i5 8250U 1.6GHz,8GB,256GB SSD,AMD Radeon 530,Windows 10,2.2kg
Asus,Zenbook UX510UW-FI095T,Notebook,15.6,IPS Panel 4K Ultra HD 3840x2160,Intel Core i7 7500U 2.7GHz,8GB,256GB SSD +  1TB HDD,Nvidia GeForce GTX 960M,Windows 10,2kg
Lenovo,IdeaPad Y700-15ISK,Notebook,15.6,IPS Panel Full HD 1920x1080,Intel Core i5 6300HQ 2.3GHz,8GB,128GB SSD +  1TB HDD,Nvidia GeForce GTX 960M,Windows 10,2.6kg
Asus,X751NV-TY001T (N4200/4GB/1TB/GeForce,Notebook,17.3,1366x768,Intel Pentium Quad Core N4200 1.1GHz,4GB,1TB HDD,Nvidia GeForce 920MX,Windows 10,2.8kg
Dell,Latitude 5480,Ultrabook,14,Full HD 1920x1080,Intel Core i7 7600U 2.8GHz,8GB,256GB SSD,Intel HD Graphics 620,Linux,1.6kg
Dell,Inspiron 3567,Notebook,15.6,1366x768,Intel Core i5 7200U 2.5GHz,12GB,1TB HDD,Intel HD Graphics 620,Windows 10,2.25kg
HP,Omen 17-W295,Gaming,17.3,IPS Panel Full HD 1920x1080,Intel Core i7 7700HQ 2.8GHz,16GB,256GB SSD +  1TB HDD,Nvidia GeForce GTX 1050,Windows 10,3.35kg
HP,Pavilion 15-CK000nv,Ultrabook,15.6,IPS Panel Full HD 1920x1080,Intel Core i7 8550U 1.8GHz,8GB,256GB SSD,Nvidia GeForce GTX 940MX,Windows 10,1.83kg
HP,Probook 470,Notebook,17.3,Full HD 1920x1080,Intel Core i7 8550U 1.8GHz,16GB,512GB SSD,Nvidia GeForce 930MX ,Windows 10,2.5kg
Dell,Inspiron 3567,Notebook,15.6,1366x768,Intel Core i3 7100U 2.4GHz,6GB,1TB HDD,Intel HD Graphics 620,Windows 10,2.3kg
Lenovo,Legion Y520-15IKBN,Gaming,15.6,IPS Panel Full HD 1920x1080,Intel Core i5 7300HQ 2.5GHz,8GB,256GB SSD,Nvidia GeForce GTX 1050,Windows 10,2.5kg
Dell,XPS 13,Ultrabook,13.3,Full HD 1920x1080,Intel Core i7 8550U 1.8GHz,8GB,256GB SSD,Intel UHD Graphics 620,Windows 10,1.2kg
Asus,ZenBook UX305CA-UBM1,Ultrabook,13.3,IPS Panel Full HD 1920x1080,Intel Core M 6Y30 0.9GHz,8GB,512GB SSD,Intel HD Graphics 515,Windows 10,1.2kg
Dell,Inspiron 3567,Notebook,15.6,1366x768,Intel Core i3 6006U 2.0GHz,4GB,1TB HDD,AMD Radeon R5 M430,Linux,2.25kg
MSI,GT62VR 7RE,Gaming,15.6,Full HD 1920x1080,Intel Core i7 7700HQ 2.8GHz,16GB,256GB SSD +  1TB HDD,Nvidia GeForce GTX 1070,Windows 10,2.94kg
Lenovo,IdeaPad 320-14IAP,Notebook,14,1366x768,Intel Celeron Dual Core N3350 1.1GHz,4GB,500GB HDD,Intel HD Graphics 500,Windows 10,2.1kg
Dell,Inspiron 5770,Notebook,17.3,Full HD 1920x1080,Intel Core i7 8550U 1.8GHz,16GB,256GB SSD +  2TB HDD,AMD Radeon 530,Windows 10,2.8kg
HP,15-AY023na (N3710/8GB/2TB/W10),Notebook,15.6,1366x768,Intel Pentium Quad Core N3710 1.6GHz,8GB,2TB HDD,Intel HD Graphics 405,Windows 10,2.04kg
Dell,Vostro 3568,Notebook,15.6,1366x768,Intel Core i3 6006U 2.0GHz,4GB,1TB HDD,Intel HD Graphics 520,Windows 10,2.18kg
Asus,Rog GL753VD-GC042T,Gaming,17.3,Full HD 1920x1080,Intel Core i7 7700HQ 2.8GHz,8GB,1TB HDD,Nvidia GeForce GTX 1050,Windows 10,3kg
Dell,Inspiron 7577,Gaming,15.6,IPS Panel Full HD 1920x1080,Intel Core i7 7700HQ 2.8GHz,8GB,128GB SSD +  1TB HDD,Nvidia GeForce GTX 1050 Ti,Windows 10,2.62kg
HP,ProBook 470,Notebook,17.3,1600x900,Intel Core i5 7200U 2.5GHz,8GB,1TB HDD,Nvidia GeForce 930MX,Windows 10,2.63kg
Dell,Latitude 5580,Notebook,15.6,Full HD 1920x1080,Intel Core i5 7200U 2.5GHz,8GB,256GB SSD,Intel HD Graphics 620,Windows 10,1.9kg
Apple,MacBook Pro,Ultrabook,13.3,IPS Panel Retina Display 2560x1600,Intel Core i5 2.9GHz,8GB,512GB SSD,Intel Iris Graphics 550,macOS,1.37kg
Dell,Inspiron 5578,2 in 1 Convertible,15.6,Full HD / Touchscreen 1920x1080,Intel Core i7 7500U 2.7GHz,16GB,512GB SSD,Intel HD Graphics 620,Windows 10,2.09kg
Dell,Inspiron 3552,Notebook,15.6,1366x768,Intel Pentium Quad Core N3700 1.6GHz,4GB,500GB HDD,Intel HD Graphics,Windows 10,2.2kg
Asus,X550VX-XX015D (i5-6300HQ/4GB/1TB/GeForce,Notebook,15.6,1366x768,Intel Core i5 6300HQ 2.3GHz,4GB,1TB HDD,Nvidia GeForce GTX 950M,No OS,2.45kg
HP,ProBook 470,Notebook,17.3,Full HD 1920x1080,Intel Core i5 8250U 1.6GHz,8GB,1TB HDD,Nvidia GeForce 930MX,Windows 10,2.5kg
MSI,GS43VR 7RE,Gaming,14,IPS Panel Full HD 1920x1080,Intel Core i7 7700HQ 2.8GHz,16GB,256GB SSD +  1TB HDD,Nvidia GeForce GTX 1060,Windows 10,1.6kg
Acer,Aspire E5-576G,Notebook,15.6,Full HD 1920x1080,Intel Core i5 7200U 2.5GHz,4GB,1TB HDD,Nvidia GeForce 940MX,Windows 10,2.23kg
Asus,E402WA-GA010T (E2-6110/2GB/32GB/W10),Notebook,14,1366x768,AMD E-Series E2-6110 1.5GHz,2GB,32GB Flash Storage,AMD Radeon R2,Windows 10,1.65kg
Asus,Rog GL753VE-DS74,Gaming,17.3,Full HD 1920x1080,Intel Core i7 7700HQ 2.8GHz,16GB,256GB SSD +  1TB HDD,Nvidia GeForce GTX 1050 Ti,Windows 10,2.99kg
Dell,Latitude 5580,Notebook,15.6,Full HD 1920x1080,Intel Core i7 7600U 2.8GHz,8GB,256GB SSD,Nvidia GeForce 930MX,Windows 10,1.93kg
Dell,Latitude 5580,Notebook,15.6,Full HD 1920x1080,Intel Core i7 7600U 2.8GHz,16GB,256GB SSD,Nvidia GeForce 930MX,Windows 10,1.93kg
Dell,XPS 13,Ultrabook,13.3,Full HD 1920x1080,Intel Core i7 8550U 1.8GHz,8GB,256GB SSD,Intel UHD Graphics 620,Windows 10,1.2kg
Microsoft,Surface Laptop,Ultrabook,13.5,Touchscreen 2256x1504,Intel Core i5 7200U 2.5GHz,4GB,128GB SSD,Intel HD Graphics 620,Windows 10 S,1.252kg
Acer,Nitro AN515-51,Gaming,15.6,IPS Panel Full HD 1920x1080,Intel Core i5 7300HQ 2.5GHz,8GB,256GB SSD,Nvidia GeForce GTX 1050,Windows 10,2.5kg
Asus,VivoBook Flip,2 in 1 Convertible,11.6,Touchscreen 1366x768,Intel Celeron Dual Core N3350 1.1GHz,4GB,32GB Flash Storage,Intel HD Graphics 500,Windows 10,1.5kg
Dell,Latitude 7480,Ultrabook,14,Full HD 1920x1080,Intel Core i5 7200U 2.5GHz,8GB,256GB SSD,Intel HD Graphics 620,Windows 10,1.36kg
HP,ProBook 450,Notebook,15.6,1366x768,Intel Core i5 7200U 2.5GHz,4GB,256GB SSD,Intel HD Graphics 620,Windows 10,2.04kg
Lenovo,Yoga 500-15ISK,2 in 1 Convertible,15.6,IPS Panel Full HD / Touchscreen 1920x1080,Intel Core i7 6500U 2.5GHz,4GB,256GB SSD,Intel HD Graphics 520,Windows 10,1.8kg
HP,ZBook 17,Workstation,17.3,IPS Panel Full HD 1920x1080,Intel Core i7 6700HQ 2.6GHz,8GB,1TB HDD,AMD FirePro W6150M,Windows 7,3.0kg
Lenovo,Thinkpad P51,Notebook,15.6,IPS Panel 4K Ultra HD 3840x2160,Intel Xeon E3-1535M v6 3.1GHz,32GB,1TB SSD,Nvidia Quadro M2200M,Windows 10,2.5kg
MSI,PL60 7RD,Gaming,15.6,IPS Panel Full HD 1920x1080,Intel Core i7 7500U 2.7GHz,8GB,1TB HDD,Nvidia GeForce GTX 1050,Windows 10,2.2kg
HP,EliteBook 840,Ultrabook,14,Full HD 1920x1080,Intel Core i7 6500U 2.5GHz,8GB,512GB SSD,Intel HD Graphics 520,Windows 7,1.54kg
Dell,Inspiron 3567,Notebook,15.6,Full HD 1920x1080,Intel Core i5 7200U 2.5GHz,4GB,256GB SSD,AMD Radeon R5 M430,Windows 10,2.3kg
HP,Probook 440,Notebook,14,IPS Panel 1366x768,Intel Core i5 8250U 1.6GHz,4GB,500GB HDD,Intel UHD Graphics 620,Windows 10,1.63kg
HP,15-BS103nv (i5-8250U/6GB/256GB/Radeon,Notebook,15.6,Full HD 1920x1080,Intel Core i5 8250U 1.6GHz,6GB,256GB SSD,AMD Radeon 520,Windows 10,1.91kg
Mediacom,SmartBook Edge,Notebook,13.3,IPS Panel Full HD 1920x1080,Intel Celeron Quad Core N3450 1.1GHz,4GB,32GB SSD,Intel HD Graphics 500,Windows 10,1.2kg
Toshiba,Portege X30-D-10K,Ultrabook,13.3,Full HD 1920x1080,Intel Core i7 7500U 2.7GHz,16GB,512GB SSD,Intel HD Graphics 620,Windows 10,1.05kg
HP,15-cb003na (i5-7300HQ/8GB/1TB,Notebook,15.6,IPS Panel Full HD 1920x1080,Intel Core i5 7300HQ 2.5GHz,8GB,128GB SSD +  1TB HDD,Nvidia GeForce GTX 1050,Windows 10,2.2kg
Lenovo,Yoga 910-13IKB,2 in 1 Convertible,13.9,IPS Panel Full HD / Touchscreen 1920x1080,Intel Core i7 7500U 2.7GHz,8GB,256GB SSD,Intel HD Graphics 620,Windows 10,1.38kg
HP,250 G6,Notebook,15.6,Full HD 1920x1080,Intel Core i5 7200U 2.5GHz,8GB,1TB HDD,Intel HD Graphics 620,Windows 10,1.86kg
Dell,Inspiron 3552,Notebook,15.6,1366x768,Intel Celeron Dual Core N3050 1.6GHz,2GB,500GB HDD,Intel HD Graphics,Windows 10,2.20kg
Asus,Chromebook C202SA,Netbook,11.6,1366x768,Intel Celeron Dual Core N3060 1.6GHz,4GB,16GB Flash Storage,Intel HD Graphics 400,Chrome OS,1.2kg
Lenovo,IdeaPad 310-15IKB,Notebook,15.6,Full HD 1920x1080,Intel Core i5 7200U 2.5GHz,4GB,1TB HDD,Nvidia GeForce 920M,Windows 10,2.4kg
HP,Omen 17-w207nv,Gaming,17.3,Full HD 1920x1080,Intel Core i7 7700HQ 2.8GHz,12GB,256GB SSD +  1TB HDD,Nvidia GeForce GTX 1070,Windows 10,3.35kg
Asus,UX430UQ-GV209R (i7-7500U/8GB/256GB/GeForce,Ultrabook,14,IPS Panel Full HD 1920x1080,Intel Core i7 7500U 2.7GHz,8GB,256GB SSD,Nvidia GeForce 940MX,Windows 10,1.3kg
Lenovo,IdeaPad 320-15ISK,Notebook,15.6,1366x768,Intel Core i3 6006U 2GHz,8GB,128GB SSD,Intel HD Graphics 520,Windows 10,2.2kg
HP,Probook 470,Notebook,17.3,Full HD 1920x1080,Intel Core i5 7200U 2.5GHz,8GB,256GB SSD,Nvidia GeForce 930MX,Windows 10,2.63kg
Dell,Inspiron 3567,Notebook,15.6,Full HD 1920x1080,Intel Core i5 7200U 2.5GHz,4GB,1TB HDD,Intel HD Graphics,Windows 10,2.25kg
Dell,Inspiron 5577,Gaming,15.6,Full HD 1920x1080,Intel Core i5 7300HQ 2.5GHz,8GB,1TB HDD,Nvidia GeForce GTX 1050,Windows 10,2.56kg
Dell,Vostro 3559,Notebook,15.6,1366x768,Intel Core i5 6200U 2.3GHz,4GB,500GB HDD,Intel HD Graphics 520,Windows 7,2.24kg
Lenovo,IdeaPad 310-15ISK,Notebook,15.6,1366x768,Intel Core i7 6500U 2.5GHz,8GB,500GB HDD,Nvidia GeForce 920MX,No OS,2.2kg
Dell,Inspiron 3567,Notebook,15.6,Full HD 1920x1080,Intel Core i7 7500U 2.7GHz,8GB,256GB SSD,AMD Radeon R5 M430,Linux,2.2kg
Lenovo,Yoga 720-15IKB,2 in 1 Convertible,15.6,IPS Panel Full HD / Touchscreen 1920x1080,Intel Core i7 7700HQ 2.8GHz,8GB,512GB SSD,Nvidia GeForce GTX 1050M,Windows 10,2kg
Dell,Precision M5520,Workstation,15.6,4K Ultra HD / Touchscreen 3840x2160,Intel Core i7 7700HQ 2.8GHz,8GB,256GB SSD,Nvidia Quadro M1200,Windows 10,1.78kg
Dell,Inspiron 3576,Notebook,15.6,Full HD 1920x1080,Intel Core i5 8250U 1.6GHz,8GB,256GB SSD,AMD Radeon 520,Linux,2.2kg
Lenovo,ThinkPad T470,Notebook,14,Full HD 1920x1080,Intel Core i5 7200U 2.5GHz,8GB,256GB SSD,Intel HD Graphics 620,Windows 10,1.65kg
Acer,Aspire ES1-523,Notebook,15.6,1366x768,AMD A8-Series 7410 2.2GHz,4GB,500GB HDD,AMD Radeon R5,Windows 10,2.4kg
Lenovo,IdeaPad 500-15ISK,Notebook,15.6,Full HD 1920x1080,Intel Core i7 6500U 2.5GHz,16GB,1.0TB Hybrid,AMD Radeon R7 M360,Windows 10,2.5kg
Acer,Aspire A517-51G,Notebook,17.3,IPS Panel Full HD 1920x1080,Intel Core i5 8250U 1.6GHz,8GB,256GB SSD,Nvidia GeForce MX150,Windows 10,3kg
Lenovo,ThinkPad E480,Notebook,14,IPS Panel Full HD 1920x1080,Intel Core i5 8250U 1.6GHz,8GB,256GB SSD,Intel UHD Graphics 620,Windows 10,1.75kg
HP,Chromebook X360,2 in 1 Convertible,11.6,Touchscreen 1366x768,Intel Celeron Dual Core N3350 1.1GHz,8GB,64GB Flash Storage,Intel HD Graphics 500,Chrome OS,1.4kg
Lenovo,Lenovo IdeaPad,Notebook,11.6,1366x768,Intel Celeron Dual Core N3350 1.1GHz,2GB,32GB Flash Storage,Intel HD Graphics 500,Windows 10,1.15kg
Lenovo,IdeaPad 320s-14IKB,Notebook,14,IPS Panel Full HD 1920x1080,Intel Core i3 7130U 2.7GHz,4GB,128GB SSD,Intel HD Graphics 620,Windows 10,1.7kg
HP,ZBook 15u,Notebook,15.6,Full HD 1920x1080,Intel Core i5 7200U 2.5GHz,8GB,500GB HDD,AMD FirePro W4190M ,Windows 10,1.9kg
MSI,GP72M 7REX,Gaming,17.3,Full HD 1920x1080,Intel Core i7 7700HQ 2.8GHz,16GB,256GB SSD +  1TB HDD,Nvidia GeForce GTX 1050 Ti,Windows 10,2.7kg
HP,ProBook 470,Notebook,17.3,Full HD 1920x1080,Intel Core i5 8250U 1.6GHz,8GB,256GB SSD,Nvidia GeForce 930MX,Windows 10,2.5kg
Dell,Latitude 3580,Notebook,15.6,1366x768,Intel Core i5 6200U 2.3GHz,4GB,500GB HDD,Intel HD Graphics 520,Windows 10,1.95kg
Fujitsu,Lifebook A557,Notebook,15.6,1366x768,Intel Core i5 7200U 2.5GHz,8GB,1TB HDD,Intel HD Graphics 620,Windows 10,2.2kg
Lenovo,Yoga 500-15ISK,2 in 1 Convertible,15.6,IPS Panel Full HD / Touchscreen 1920x1080,Intel Core i5 6200U 2.3GHz,4GB,256GB SSD,Intel HD Graphics 520,Windows 10,2.1kg
Dell,Inspiron 5579,2 in 1 Convertible,15.6,Full HD / Touchscreen 1920x1080,Intel Core i5 8250U 1.6GHz,8GB,256GB SSD,Intel UHD Graphics 620,Windows 10,2.67kg
Acer,Aspire 3,Notebook,15.6,1366x768,Intel Core i3 7100U 2.4GHz,4GB,1TB HDD,Intel HD Graphics 620,Windows 10,2.4kg
Acer,Aspire 7,Notebook,15.6,Full HD 1920x1080,Intel Core i7 7700HQ 2.8GHz,8GB,1TB HDD,Nvidia GeForce GTX 1050,Linux,2.4kg
HP,EliteBook x360,2 in 1 Convertible,13.3,Full HD / Touchscreen 1920x1080,Intel Core i7 7600U 2.8GHz,16GB,256GB SSD,Intel HD Graphics 620,Windows 10,1.28kg
HP,EliteBook 850,Notebook,15.6,1366x768,Intel Core i5 6200U 2.3GHz,4GB,500GB HDD,Intel HD Graphics 520,Windows 7,1.88kg
HP,15-bs002nv (i3-6006U/4GB/128GB/FHD/W10),Notebook,15.6,Full HD 1920x1080,Intel Core i3 6006U 2GHz,4GB,128GB SSD,Intel HD Graphics 520,Windows 10,1.91kg
Lenovo,IdeaPad 320-15ABR,Notebook,15.6,Full HD 1920x1080,AMD A12-Series 9720P 3.6GHz,6GB,256GB SSD,AMD Radeon 530,Windows 10,2.2kg
Lenovo,Legion Y520-15IKBN,Gaming,15.6,IPS Panel Full HD 1920x1080,Intel Core i7 7700HQ 2.8GHz,16GB,256GB SSD,Nvidia GeForce GTX 1050 Ti,Windows 10,2.5kg
Lenovo,Thinkpad T470,Notebook,14,IPS Panel Full HD 1920x1080,Intel Core i7 7500U 2.7GHz,8GB,256GB SSD,Intel HD Graphics 620,Windows 10,1.58kg
Acer,Aspire 5,Notebook,17.3,IPS Panel Full HD 1920x1080,Intel Core i3 7130U 2.7GHz,4GB,256GB SSD,Nvidia GeForce MX130,Windows 10,3kg
Lenovo,IdeaPad 320-15AST,Notebook,15.6,1366x768,AMD E-Series E2-9000 2.2GHz,4GB,128GB SSD,AMD Radeon R2 Graphics,Windows 10,2.2kg
HP,Elitebook 850,Notebook,15.6,Full HD 1920x1080,Intel Core i7 7500U 2.7GHz,8GB,256GB SSD,Intel HD Graphics 620,Windows 10,1.84kg
Dell,Inspiron 5378,2 in 1 Convertible,13.3,Full HD / Touchscreen 1920x1080,Intel Core i5 7200U 2.5GHz,8GB,256GB SSD,Intel HD Graphics 620,Windows 10,1.68kg
Lenovo,ThinkPad T570,Notebook,15.6,IPS Panel Full HD 1920x1080,Intel Core i7 7500U 2.7GHz,8GB,512GB SSD,Intel HD Graphics 620,Windows 10,1.99kg
Lenovo,ThinkPad T560,Notebook,15.6,Full HD 1920x1080,Intel Core i5 6200U 2.3GHz,8GB,256GB SSD,Intel HD Graphics 520,Windows 10,2.3kg
Lenovo,IdeaPad 320-15ISK,Notebook,15.6,Full HD 1920x1080,Intel Core i3 6006U 2GHz,4GB,256GB SSD,Intel HD Graphics 520,No OS,2.2kg
Asus,Rog G752VL-UH71T,Gaming,17.3,IPS Panel Full HD / Touchscreen 1920x1080,Intel Core i7 6700HQ 2.6GHz,24GB,256GB SSD +  1TB HDD,Nvidia GeForce GTX 965M,Windows 10,4.33kg
Toshiba,Tecra Z40-C-12Z,Notebook,14,IPS Panel Full HD 1920x1080,Intel Core i5 6200U 2.3GHz,8GB,256GB SSD,Intel HD Graphics 520,Windows 10,1.47kg
Asus,Zenbook 3,Ultrabook,14,Full HD 1920x1080,Intel Core i7 7500U 2.7GHz,8GB,512GB SSD,Intel HD Graphics 620,Windows 10,1.10kg
Dell,Latitude 5480,Notebook,14,1366x768,Intel Core i5 7200U 2.5GHz,4GB,500GB HDD,Intel HD Graphics 620,Windows 10,1.6kg
HP,Pavilion X360,2 in 1 Convertible,13.3,IPS Panel Touchscreen 1366x768,Intel Core i5 7200U 2.5GHz,8GB,256GB SSD,Intel HD Graphics 620,Windows 10,1.58kg
HP,EliteBook 820,Ultrabook,12.5,Full HD 1920x1080,Intel Core i7 6500U 2.5GHz,8GB,256GB SSD,Intel HD Graphics 520,Windows 10,1.26kg
Dell,Inspiron 7570,Notebook,15.6,Full HD 1920x1080,Intel Core i5 8250U 1.6GHz,8GB,256GB SSD,Nvidia GeForce 940MX,Windows 10,2kg
Acer,Extensa EX2540,Notebook,15.6,1366x768,Intel Core i3 6006U 2GHz,4GB,500GB HDD,Intel HD Graphics 520,Windows 10,2.4kg
Lenovo,Thinkpad T470,Notebook,14,Full HD 1920x1080,Intel Core i5 7200U 2.5GHz,8GB,180GB SSD,Intel HD Graphics 620,Windows 10,1.7kg
Acer,Aspire 3,Notebook,15.6,1366x768,AMD A9-Series 9420 3GHz,6GB,1TB HDD,AMD Radeon R5,Windows 10,2.1kg
Asus,FX502VM-AS73 (i7-7700HQ/16GB/1TB,Notebook,15.6,Full HD 1920x1080,Intel Core i7 7700HQ 2.8GHz,16GB,128GB SSD +  1TB HDD,Nvidia GeForce GTX 1060,Windows 10,2.2kg
HP,EliteBook 840,Ultrabook,14,Full HD 1920x1080,Intel Core i7 6500U 2.5GHz,8GB,512GB SSD,Intel HD Graphics 520,Windows 10,1.54kg
Dell,Vostro 3568,Notebook,15.6,Full HD 1920x1080,Intel Core i5 7200U 2.5GHz,8GB,256GB SSD,Intel HD Graphics 620,Windows 10,2.18kg
HP,EliteBook 850,Ultrabook,15.6,Full HD 1920x1080,Intel Core i7 6500U 2.5GHz,8GB,256GB SSD,AMD Radeon R7 M365X,Windows 10,1.84kg
HP,EliteBook 820,Ultrabook,12.5,Full HD 1920x1080,Intel Core i5 6200U 2.3GHz,4GB,500GB HDD,Intel HD Graphics 520,Windows 10,1.26kg
Dell,Inspiron 5368,Notebook,13.3,Full HD / Touchscreen 1920x1080,Intel Core i5 6200U 2.3GHz,8GB,1TB HDD,Intel HD Graphics 520,Windows 10,1.62kg
Fujitsu,LifeBook A556,Notebook,15.6,1366x768,Intel Core i5 6200U 2.3GHz,4GB,256GB SSD,Intel HD Graphics 520,Windows 10,2.3kg
HP,Probook 450,Notebook,15.6,Full HD 1920x1080,Intel Core i5 6200U 2.3GHz,4GB,500GB HDD,Intel HD Graphics 520,Windows 10,2.07kg
Dell,Latitude 5580,Notebook,15.6,Full HD 1920x1080,Intel Core i5 7300U 2.6GHz,16GB,512GB SSD,Intel HD Graphics 620,Windows 10,1.93kg
HP,Pavilion x360,2 in 1 Convertible,15.6,Touchscreen 1366x768,Intel Core i5 7200U 2.5GHz,4GB,500GB HDD,Intel HD Graphics 620,Windows 10,2.3kg
Huawei,MateBook X,Ultrabook,13,IPS Panel Full HD 2160x1440,Intel Core i5 7200U 2.5GHz,8GB,256GB SSD,Intel HD Graphics 620,Windows 10,1.05kg
MSI,GT72VR Dominator,Gaming,17.3,Full HD 1920x1080,Intel Core i7 7700HQ 2.8GHz,16GB,256GB SSD +  1TB HDD,Nvidia GeForce GTX 1070,Windows 10,3.78kg
Acer,Predator 17,Gaming,17.3,IPS Panel Full HD 1920x1080,Intel Core i7 6700HQ 2.6GHz,16GB,128GB SSD +  1TB HDD,Nvidia GeForce GTX 1060,Windows 10,4.2kg
Dell,Precision 3520,Workstation,15.6,IPS Panel Full HD 1920x1080,Intel Core i7 6820HQ 2.7GHz,16GB,256GB SSD,Nvidia Quadro M620,Windows 10,2.17kg
HP,EliteBook 840,Notebook,14,Full HD 1920x1080,Intel Core i7 7600U 2.8GHz,8GB,1TB SSD,Intel HD Graphics 620,Windows 10,1.48kg
Dell,Inspiron 3567,Notebook,15.6,1366x768,Intel Core i3 6006U 2.0GHz,4GB,1TB HDD,Intel HD Graphics 520,Linux,2.25kg
Lenovo,IdeaPad 320-15IKBN,Notebook,15.6,1366x768,Intel Core i5 7200U 2.5GHz,8GB,256GB SSD,Intel HD Graphics 620,Windows 10,2.2kg
Lenovo,V110-15ISK (i3-6006U/4GB/1TB/No,Notebook,15.6,1366x768,Intel Core i3 6006U 2.0GHz,4GB,1TB HDD,Intel HD Graphics 520,No OS,1.9kg
Lenovo,Thinkpad T460p,Notebook,14,Full HD 1920x1080,Intel Core i5 6300HQ 2.3GHz,8GB,256GB SSD,Intel HD Graphics 520,Windows 10,1.8kg
Acer,Aspire 5,Notebook,17.3,IPS Panel Full HD 1920x1080,Intel Core i3 7130U 2.7GHz,4GB,1TB HDD,Nvidia GeForce MX130,Windows 10,3kg
HP,250 G5,Notebook,15.6,1366x768,Intel Pentium Quad Core N3710 1.6GHz,4GB,1TB HDD,Intel HD Graphics 405,Windows 10,1.96kg
Dell,Inspiron 7567,Gaming,15.6,4K Ultra HD 3840x2160,Intel Core i7 7700HQ 2.8GHz,16GB,512GB SSD,Nvidia GeForce GTX 1050 Ti,Windows 10,2.62kg
Lenovo,Legion Y520-15IKBN,Gaming,15.6,IPS Panel Full HD 1920x1080,Intel Core i7 7700HQ 2.8GHz,8GB,128GB SSD +  1TB HDD,Nvidia GeForce GTX 1060,Windows 10,2.5kg
Acer,TMX349-G2-M-50FS (i5-7200U/8GB/256GB/FHD/W10),Notebook,14,IPS Panel Full HD 1920x1080,Intel Core i5 7200U 2.5GHz,8GB,256GB SSD,Intel HD Graphics 620,Windows 10,1.56kg
Acer,Aspire ES1-531,Notebook,15.6,1366x768,Intel Celeron Dual Core N3060 1.6GHz,4GB,500GB HDD,Intel HD Graphics 400,Linux,2.4kg
Dell,XPS 15,Notebook,15.6,4K Ultra HD / Touchscreen 3840x2160,Intel Core i7 7700HQ 2.8GHz,16GB,512GB SSD,Nvidia GeForce GTX 1050,Windows 10,2.06kg
Dell,Inspiron 7378,2 in 1 Convertible,13.3,IPS Panel Full HD / Touchscreen 1920x1080,Intel Core i7 7500U 2.7GHz,12GB,256GB SSD,Intel HD Graphics 620,Windows 10,1.6kg
HP,Probook 470,Notebook,17.3,Full HD 1920x1080,Intel Core i7 8550U 1.8GHz,8GB,256GB SSD,Nvidia GeForce 930MX ,Windows 10,2.5kg
Dell,Precision 7720,Workstation,17.3,Full HD 1920x1080,Intel Core i7 7820HQ 2.9GHz,16GB,256GB SSD,Nvidia Quadro M1200,Windows 10,3.42kg
Lenovo,Thinkpad T470p,Ultrabook,14,IPS Panel Full HD 2560x1440,Intel Core i7 7700HQ 2.8GHz,8GB,512GB SSD,Nvidia GeForce GT 940MX,Windows 10,1.7kg
Lenovo,Legion Y520-15IKBN,Gaming,15.6,IPS Panel Full HD 1920x1080,Intel Core i7 7700HQ 2.8GHz,8GB,128GB SSD +  1TB HDD,Nvidia GeForce GTX 1050 Ti,Windows 10,2.5kg